title,filename,relative_path,orientation,dimensions,category,game_types,environment,mood,style,dominant_color,dominant_hex,palette_colors,palette_hex,ui_status,description,keywords,original_filename
Frostwhistle Summit,frostwhistle-summit.png,Landscape 1920x1080/Nature & Scenic/frostwhistle-summit.png,Landscape,1920x1080,Nature & Scenic,adventure; role-playing game; exploration; puzzle,snowy mountain; pine forest; daylight; winter wilderness,serene; uplifting; crisp,stylized illustration; painterly; casual game art,cyan,#6CA6DB,cyan; turquoise; white,#6CA6DB; #4D7BBB; #88D2EE; #CAD9EB; #E1EFF5,No baked-in UI detected,A bright snow-covered mountain rises above a pine forest beneath a clear blue sky. Optimized as a 1920 by 1080 landscape game background.,game background; environment art; ui-free; background only; landscape; full hd; Nature & Scenic; adventure; role-playing game; exploration; puzzle; snowy mountain; pine forest; daylight; winter wilderness; serene; uplifting; crisp; stylized illustration; painterly; casual game art; cyan; turquoise; white,"asset_eoysveK21eWQv7Ab28Lpib52_A snowy mountain peak above a pine forest, blue sky_txt2img_1786402782.png"
Moonriver Pines,moonriver-pines.png,Landscape 1920x1080/Nature & Scenic/moonriver-pines.png,Landscape,1920x1080,Nature & Scenic,adventure; role-playing game; survival; exploration,moonlit mountain valley; winding river; pine forest; night,mysterious; calm; atmospheric,stylized landscape; painterly; fantasy environment,turquoise,#063568,turquoise; blue,#063568; #061436; #085899; #0C7EC6; #22B0E5,No baked-in UI detected,A moonlit river winds through dark pines toward distant blue mountains. Optimized as a 1920 by 1080 landscape game background.,game background; environment art; ui-free; background only; landscape; full hd; Nature & Scenic; adventure; role-playing game; survival; exploration; moonlit mountain valley; winding river; pine forest; night; mysterious; calm; atmospheric; stylized landscape; painterly; fantasy environment; turquoise; blue,asset_GmkBBfnsDgTHPZtwGzwyQQda_A foggy mountain valley  at night with pine trees and a winding river_txt2img_1786397307.png
Cloudcrown Peak,cloudcrown-peak.png,Landscape 1920x1080/Nature & Scenic/cloudcrown-peak.png,Landscape,1920x1080,Nature & Scenic,adventure; role-playing game; exploration; puzzle,snowy mountain; pine forest; clouds; daylight,heroic; serene; bright,stylized illustration; painterly; casual game art,turquoise,#49A6D7,turquoise; cyan; white,#49A6D7; #CDDFEB; #296599; #7CD0EE; #EBF5F4,No baked-in UI detected,A dramatic snowy peak sits above evergreen woods and billowing white clouds. Optimized as a 1920 by 1080 landscape game background.,game background; environment art; ui-free; background only; landscape; full hd; Nature & Scenic; adventure; role-playing game; exploration; puzzle; snowy mountain; pine forest; clouds; daylight; heroic; serene; bright; stylized illustration; painterly; casual game art; turquoise; cyan; white,"asset_oTd4tcYKXyJP46B2rWqhVBG8_A snowy mountain peak above a pine forest, blue sky_txt2img_1786402769.png"
Midnight Meeple Club,midnight-meeple-club.png,Landscape 1920x1080/Simulation & Lifestyle/midnight-meeple-club.png,Landscape,1920x1080,Simulation & Lifestyle,social simulation; board game; visual novel; narrative adventure,cozy game room; tabletop game; anthropomorphic friends; interior,cozy; mischievous; social,anime-inspired; cartoon illustration; character scene,green,#17241A,green; orange; olive; silver,#17241A; #5B473A; #626751; #502D24; #A2A09F,No baked-in UI detected,A stylish group of anthropomorphic friends gathers around a tabletop game in a cozy room. Optimized as a 1920 by 1080 landscape game background.,game background; environment art; ui-free; background only; landscape; full hd; Simulation & Lifestyle; social simulation; board game; visual novel; narrative adventure; cozy game room; tabletop game; anthropomorphic friends; interior; cozy; mischievous; social; anime-inspired; cartoon illustration; character scene; green; orange; olive; silver,silverlakeslayer_casual_game_--no_ui_--ar_169_--raw_--profile_d28c2194-5d66-4ab0-8fd6-4be3d2538c9c_0.png
Toolbelt Tuesday,toolbelt-tuesday.png,Portrait 1080x1920/Characters & Lifestyle/toolbelt-tuesday.png,Portrait,1080x1920,Characters & Lifestyle,repair simulation; time management; character customization; casual,workshop interior; utility room; handyman; tiled floor,cheerful; industrious; friendly,stylized three-dimensional; cartoon character; casual game art,turquoise,#5E85A3,turquoise; sky blue; violet,#5E85A3; #264B61; #C0C9DC; #6E5A74; #73A2C4,No baked-in UI detected,A friendly handyman stands ready inside a colorful workshop-like interior. Optimized as a 1080 by 1920 portrait game background.,game background; environment art; ui-free; background only; portrait; full hd; Characters & Lifestyle; repair simulation; time management; character customization; casual; workshop interior; utility room; handyman; tiled floor; cheerful; industrious; friendly; stylized three-dimensional; cartoon character; casual game art; turquoise; sky blue; violet,silverlakeslayer_casual_game_--no_ui_--ar_916_--raw_--profile_e4b4b1e5-8d3e-461e-8603-508cfc6db572_1.png
Mango Monkey Hop,mango-monkey-hop.png,Portrait 1080x1920/Adventure & Platformer/mango-monkey-hop.png,Portrait,1080x1920,Adventure & Platformer,endless jumper; platformer; casual arcade; kids game,tropical jungle; floating blocks; coins; monkey,playful; energetic; sunny,stylized three-dimensional; cartoon; mobile game art,brown,#79591E,brown; teal; green,#79591E; #74CBE4; #6CA570; #9BDDDF; #C1E5D3,HUD and UI cropped from frame,A cheerful monkey leaps through a tropical vertical platform course with coins and blocks. Optimized as a 1080 by 1920 portrait game background.,game background; environment art; ui-free; background only; portrait; full hd; Adventure & Platformer; endless jumper; platformer; casual arcade; kids game; tropical jungle; floating blocks; coins; monkey; playful; energetic; sunny; stylized three-dimensional; cartoon; mobile game art; brown; teal; green,silverlakeslayer_casual_game_--no_ui_--ar_916_--raw_--profile_e4b4b1e5-8d3e-461e-8603-508cfc6db572_2.png
Strawberry Skyfall,strawberry-skyfall.png,Portrait 1080x1920/Adventure & Platformer/strawberry-skyfall.png,Portrait,1080x1920,Adventure & Platformer,fruit catcher; casual arcade; match and merge; kids game,desert canyon; giant strawberry; floating fruit; open sky,whimsical; juicy; bright,stylized three-dimensional; cartoon; mobile game art,green,#7FCBAC,green; orange; yellow; gold,#7FCBAC; #B05E26; #E6EAA4; #AFA068; #EED180,No baked-in UI detected,A giant strawberry and colorful fruit tumble through a sunny desert canyon. Optimized as a 1080 by 1920 portrait game background.,game background; environment art; ui-free; background only; portrait; full hd; Adventure & Platformer; fruit catcher; casual arcade; match and merge; kids game; desert canyon; giant strawberry; floating fruit; open sky; whimsical; juicy; bright; stylized three-dimensional; cartoon; mobile game art; green; orange; yellow; gold,silverlakeslayer_casual_game_--no_ui_--ar_916_--raw_--profile_e4b4b1e5-8d3e-461e-8603-508cfc6db572_3.png
Ember Isle,ember-isle.png,Landscape 1920x1080/Adventure & Platformer/ember-isle.png,Landscape,1920x1080,Adventure & Platformer,adventure; exploration; strategy; narrative game,island city; ocean; sunset; fortress,cinematic; mysterious; warm,stylized three-dimensional; painterly; environment concept art,red,#822D2F,red; magenta; crimson,#822D2F; #88637A; #3D3435; #B55562; #AA5A6E,No baked-in UI detected,A red island settlement glows against the ocean at sunset. Optimized as a 1920 by 1080 landscape game background.,game background; environment art; ui-free; background only; landscape; full hd; Adventure & Platformer; adventure; exploration; strategy; narrative game; island city; ocean; sunset; fortress; cinematic; mysterious; warm; stylized three-dimensional; painterly; environment concept art; red; magenta; crimson,silverlakeslayer_casual_video_game_screenshot_--no_ui_--ar_16_4c2cfaba-3dd0-4a37-9601-dfc8fa043067_0.png
Coral Concrete Run,coral-concrete-run.png,Landscape 1920x1080/Adventure & Platformer/coral-concrete-run.png,Landscape,1920x1080,Adventure & Platformer,action platformer; parkour; adventure; precision platformer,brutalist ruins; red concrete; open sky; parkour course,energetic; daring; sunlit,stylized three-dimensional; painterly; action game art,turquoise,#5D8EAF,turquoise; red; cyan; blue,#5D8EAF; #C34B41; #4E2E30; #8AC3D9; #6D738C,No baked-in UI detected; letterbox bars removed,Tiny runners traverse towering coral-red concrete ruins under a wide blue sky. Optimized as a 1920 by 1080 landscape game background.,game background; environment art; ui-free; background only; landscape; full hd; Adventure & Platformer; action platformer; parkour; adventure; precision platformer; brutalist ruins; red concrete; open sky; parkour course; energetic; daring; sunlit; stylized three-dimensional; painterly; action game art; turquoise; red; cyan; blue,silverlakeslayer_casual_video_game_screenshot_--no_ui_--ar_16_4c2cfaba-3dd0-4a37-9601-dfc8fa043067_3.png
Crimson Cat Caper,crimson-cat-caper.png,Landscape 1920x1080/Adventure & Platformer/crimson-cat-caper.png,Landscape,1920x1080,Adventure & Platformer,platformer; cooperative game; puzzle platformer; action adventure,red stone ruins; crates; cats; side-scrolling level,playful; adventurous; colorful,hand-painted two-dimensional; cartoon; side-scroller,orange,#5E331C,orange; teal; green,#5E331C; #39A5BA; #52A9A7; #5D6757; #65C6B7,HUD and UI cropped from frame,Colorful cat heroes leap among crates and red stone ruins in a side-scrolling level. Optimized as a 1920 by 1080 landscape game background.,game background; environment art; ui-free; background only; landscape; full hd; Adventure & Platformer; platformer; cooperative game; puzzle platformer; action adventure; red stone ruins; crates; cats; side-scrolling level; playful; adventurous; colorful; hand-painted two-dimensional; cartoon; side-scroller; orange; teal; green,silverlakeslayer_casual_video_game_screenshot_--no_ui_--ar_16_c6f1aa56-4159-4653-8878-c173027dd854_0.png
Night Owl Uprising,night-owl-uprising.png,Landscape 1920x1080/Adventure & Platformer/night-owl-uprising.png,Landscape,1920x1080,Adventure & Platformer,platformer; action adventure; creature battler; side-scroller,industrial city; dark owl monsters; wooden platforms; colorful skyline,chaotic; spooky; vibrant,hand-painted two-dimensional; cartoon; side-scroller,green,#334924,green; turquoise; teal; red,#334924; #589DB6; #77C5DD; #945C62; #6CADBE,HUD and UI cropped from frame,Dark flying creatures loom over a vivid industrial platforming stage. Optimized as a 1920 by 1080 landscape game background.,game background; environment art; ui-free; background only; landscape; full hd; Adventure & Platformer; platformer; action adventure; creature battler; side-scroller; industrial city; dark owl monsters; wooden platforms; colorful skyline; chaotic; spooky; vibrant; hand-painted two-dimensional; cartoon; green; turquoise; teal; red,silverlakeslayer_casual_video_game_screenshot_--no_ui_--ar_16_c6f1aa56-4159-4653-8878-c173027dd854_1.png
Emerald Deerway,emerald-deerway.png,Landscape 1920x1080/Nature & Scenic/emerald-deerway.png,Landscape,1920x1080,Nature & Scenic,exploration; adventure; cozy role-playing game; walking simulator,forest road; deer; green valley; woodland,peaceful; pastoral; inviting,painterly; stylized landscape; cozy game art,lime,#8BA756,lime; green; olive,#8BA756; #2E5D20; #1E4925; #5A8C56; #495E25,No baked-in UI detected; letterbox bars removed,A quiet forest road passes through a lush valley where deer graze beside the trees. Optimized as a 1920 by 1080 landscape game background.,game background; environment art; ui-free; background only; landscape; full hd; Nature & Scenic; exploration; adventure; cozy role-playing game; walking simulator; forest road; deer; green valley; woodland; peaceful; pastoral; inviting; painterly; stylized landscape; cozy game art; lime; green; olive,silverlakeslayer_casual_video_game_screenshot_--no_ui_--ar_16_c6f1aa56-4159-4653-8878-c173027dd854_2.png
Little Shadow Sunrise,little-shadow-sunrise.png,Landscape 1920x1080/Adventure & Platformer/little-shadow-sunrise.png,Landscape,1920x1080,Adventure & Platformer,adventure platformer; narrative game; minimalist puzzle; exploration,pastel mountains; red sun; grassland; silhouettes,quiet; poetic; contemplative,minimalist two-dimensional; silhouette; graphic illustration,teal,#80B0BC,teal; olive; orange; silver,#80B0BC; #202514; #7BAFBF; #B79184; #A6AFB1,No baked-in UI detected,A tiny silhouetted traveler crosses grassland beneath a red sun and pastel mountains. Optimized as a 1920 by 1080 landscape game background.,game background; environment art; ui-free; background only; landscape; full hd; Adventure & Platformer; adventure platformer; narrative game; minimalist puzzle; exploration; pastel mountains; red sun; grassland; silhouettes; quiet; poetic; contemplative; minimalist two-dimensional; silhouette; graphic illustration; teal; olive; orange; silver,silverlakeslayer_casual_video_game_screenshot_--no_ui_--ar_16_c6f1aa56-4159-4653-8878-c173027dd854_3.png
Paintstorm Parade,paintstorm-parade.png,Landscape 1920x1080/Adventure & Platformer/paintstorm-parade.png,Landscape,1920x1080,Adventure & Platformer,action shooter; arena battler; first-person shooter; party game,abstract arena; paint splashes; water; futuristic structures,explosive; vibrant; surreal,stylized three-dimensional; graphic; high-energy action art,green,#688478,green; red; gold,#688478; #D05340; #E8BB3F; #404C43; #76B19A,No baked-in UI detected,A first-person paint battle erupts across a wildly colorful abstract arena. Optimized as a 1920 by 1080 landscape game background.,game background; environment art; ui-free; background only; landscape; full hd; Adventure & Platformer; action shooter; arena battler; first-person shooter; party game; abstract arena; paint splashes; water; futuristic structures; explosive; vibrant; surreal; stylized three-dimensional; graphic; high-energy action art; green; red; gold,silverlakeslayer_casual_video_game_screenshot_--no_ui_--ar_16_d2b489cb-e094-47dd-baa2-d51dc5346e87_0.png
Scarlet Blockdream,scarlet-blockdream.png,Landscape 1920x1080/Adventure & Platformer/scarlet-blockdream.png,Landscape,1920x1080,Adventure & Platformer,puzzle platformer; narrative adventure; exploration; art game,abstract block city; red monoliths; lone figure; open sky,dreamlike; lonely; bold,minimalist three-dimensional; graphic; surreal environment,teal,#5C9BAD,teal; orange; rose; silver,#5C9BAD; #8C5F41; #D85454; #8B9398; #8DAFB4,No baked-in UI detected,A lone figure stands among monumental red blocks in a dreamlike cityscape. Optimized as a 1920 by 1080 landscape game background.,game background; environment art; ui-free; background only; landscape; full hd; Adventure & Platformer; puzzle platformer; narrative adventure; exploration; art game; abstract block city; red monoliths; lone figure; open sky; dreamlike; lonely; bold; minimalist three-dimensional; graphic; surreal environment; teal; orange; rose; silver,silverlakeslayer_casual_video_game_screenshot_--no_ui_--ar_16_d2b489cb-e094-47dd-baa2-d51dc5346e87_1.png
Edge of Ember,edge-of-ember.png,Landscape 1920x1080/Adventure & Platformer/edge-of-ember.png,Landscape,1920x1080,Adventure & Platformer,precision platformer; puzzle; silhouette adventure; indie platformer,cliff edge; red sunset; dark platforms; mountains,tense; minimal; cinematic,silhouette two-dimensional; minimalist; graphic,rose,#F25449,rose; yellow; orange,#F25449; #2E2E11; #F95F4D; #F7594D; #B55935,No baked-in UI detected,A tiny silhouette pauses at a cliff edge beneath an intense coral sunset. Optimized as a 1920 by 1080 landscape game background.,game background; environment art; ui-free; background only; landscape; full hd; Adventure & Platformer; precision platformer; puzzle; silhouette adventure; indie platformer; cliff edge; red sunset; dark platforms; mountains; tense; minimal; cinematic; silhouette two-dimensional; minimalist; graphic; rose; yellow; orange,silverlakeslayer_casual_video_game_screenshot_--no_ui_--ar_16_d2b489cb-e094-47dd-baa2-d51dc5346e87_2.png
Graffiti Gravity,graffiti-gravity.png,Landscape 1920x1080/Adventure & Platformer/graffiti-gravity.png,Landscape,1920x1080,Adventure & Platformer,skateboarding; parkour; action sports; open-world adventure,urban alley; graffiti; skate park; city ruins,rebellious; energetic; streetwise,stylized three-dimensional; comic-inspired; urban game art,red,#C93F43,red; gray; teal; orange; gold,#C93F43; #5A615E; #5C7374; #5D4237; #A68D5E,No baked-in UI detected,A skater surveys a graffiti-covered urban course built for speed and vertical movement. Optimized as a 1920 by 1080 landscape game background.,game background; environment art; ui-free; background only; landscape; full hd; Adventure & Platformer; skateboarding; parkour; action sports; open-world adventure; urban alley; graffiti; skate park; city ruins; rebellious; energetic; streetwise; stylized three-dimensional; comic-inspired; urban game art; red; gray; teal; orange; gold,silverlakeslayer_casual_video_game_screenshot_--no_ui_--ar_16_d2b489cb-e094-47dd-baa2-d51dc5346e87_3.png
Peachblock Passage,peachblock-passage.png,Landscape 1920x1080/Adventure & Platformer/peachblock-passage.png,Landscape,1920x1080,Adventure & Platformer,puzzle platformer; casual; minimalist adventure; indie game,pink block world; blue character; platforms; sunset,warm; quirky; minimal,stylized two-dimensional; pixel-inspired; graphic,red,#841C1C,red; rose; orange,#841C1C; #DD6350; #DB7854; #DD3E4B; #DB8D5C,No baked-in UI detected,A tiny blue character navigates a warm pink world of simple block platforms. Optimized as a 1920 by 1080 landscape game background.,game background; environment art; ui-free; background only; landscape; full hd; Adventure & Platformer; puzzle platformer; casual; minimalist adventure; indie game; pink block world; blue character; platforms; sunset; warm; quirky; minimal; stylized two-dimensional; pixel-inspired; graphic; red; rose; orange,silverlakeslayer_casual_video_game_screenshot_--no_ui_--ar_16_d2d893a9-fffe-40b6-bd33-be3003309bdc_0.png
Sunset Signal,sunset-signal.png,Landscape 1920x1080/Adventure & Platformer/sunset-signal.png,Landscape,1920x1080,Adventure & Platformer,narrative adventure; exploration; cozy game; walking simulator,sunset pier; harbor; industrial shoreline; lone character,reflective; warm; cinematic,stylized three-dimensional; painterly; narrative game art,brown,#533112,brown; olive; orange,#533112; #2E3316; #DF6437; #ED7437; #8F471F,No baked-in UI detected,A lone character watches the sun sink beyond a quiet industrial harbor. Optimized as a 1920 by 1080 landscape game background.,game background; environment art; ui-free; background only; landscape; full hd; Adventure & Platformer; narrative adventure; exploration; cozy game; walking simulator; sunset pier; harbor; industrial shoreline; lone character; reflective; warm; cinematic; stylized three-dimensional; painterly; narrative game art; brown; olive; orange,silverlakeslayer_casual_video_game_screenshot_--no_ui_--ar_16_d2d893a9-fffe-40b6-bd33-be3003309bdc_1.png
Grumble Giants,grumble-giants.png,Landscape 1920x1080/Adventure & Platformer/grumble-giants.png,Landscape,1920x1080,Adventure & Platformer,puzzle platformer; casual arcade; kids game; indie platformer,red block ruins; giant stone faces; mountains; side-scrolling level,whimsical; curious; warm,pixel-inspired two-dimensional; cartoon; side-scroller,rose,#DE7063,rose; red; peach; gold,#DE7063; #781F0C; #D14A44; #E3946F; #E7B47F,HUD and UI cropped from frame,A tiny white hero explores red ruins watched over by enormous block-faced giants. Optimized as a 1920 by 1080 landscape game background.,game background; environment art; ui-free; background only; landscape; full hd; Adventure & Platformer; puzzle platformer; casual arcade; kids game; indie platformer; red block ruins; giant stone faces; mountains; side-scrolling level; whimsical; curious; warm; pixel-inspired two-dimensional; cartoon; side-scroller; rose; red; peach; gold,silverlakeslayer_casual_video_game_screenshot_--no_ui_--ar_16_d2d893a9-fffe-40b6-bd33-be3003309bdc_3.png
Neon Snowbound,neon-snowbound.png,Landscape 1920x1080/Adventure & Platformer/neon-snowbound.png,Landscape,1920x1080,Adventure & Platformer,action adventure; role-playing game; exploration; cyberpunk,snowy neon village; night street; colorful buildings; lone character,nocturnal; electric; mysterious,stylized three-dimensional; painterly; neon environment art,teal,#0F262D,teal; magenta; turquoise; blue,#0F262D; #4B2641; #2F5A82; #586AC0; #384467,No baked-in UI detected,A traveler moves through a snow-covered village lit by electric neon colors. Optimized as a 1920 by 1080 landscape game background.,game background; environment art; ui-free; background only; landscape; full hd; Adventure & Platformer; action adventure; role-playing game; exploration; cyberpunk; snowy neon village; night street; colorful buildings; lone character; nocturnal; electric; mysterious; stylized three-dimensional; painterly; neon environment art; teal; magenta; turquoise; blue,silverlakeslayer_casual_video_game_screenshot_--no_ui_--ar_16_e621cd78-7158-4a41-bcf4-6d2621bcab01_0.png
Magenta Moonrise,magenta-moonrise.png,Landscape 1920x1080/Adventure & Platformer/magenta-moonrise.png,Landscape,1920x1080,Adventure & Platformer,cyberpunk role-playing game; narrative adventure; exploration; visual novel,neon city; giant pink moon; pagoda rooftops; night,moody; cinematic; futuristic,stylized three-dimensional; painterly; neon cityscape,red,#812A37,red; magenta; crimson,#812A37; #261B21; #A62539; #561E28; #E42759,No baked-in UI detected,A vast magenta moon rises behind a layered neon city with pagoda silhouettes. Optimized as a 1920 by 1080 landscape game background.,game background; environment art; ui-free; background only; landscape; full hd; Adventure & Platformer; cyberpunk role-playing game; narrative adventure; exploration; visual novel; neon city; giant pink moon; pagoda rooftops; night; moody; cinematic; futuristic; stylized three-dimensional; painterly; neon cityscape; red; magenta; crimson,silverlakeslayer_casual_video_game_screenshot_--no_ui_--ar_16_e621cd78-7158-4a41-bcf4-6d2621bcab01_1.png
Last Watchtower,last-watchtower.png,Landscape 1920x1080/Adventure & Platformer/last-watchtower.png,Landscape,1920x1080,Adventure & Platformer,survival; exploration; narrative adventure; strategy,abandoned tower; rural industrial site; pink sky; wasteland,lonely; atmospheric; windswept,stylized three-dimensional; painterly; environment concept art,orange,#53413C,orange; periwinkle; rose; turquoise,#53413C; #9C8CA9; #F28C9D; #B77674; #647688,No baked-in UI detected,An abandoned watchtower dominates a quiet industrial landscape at pink sunset. Optimized as a 1920 by 1080 landscape game background.,game background; environment art; ui-free; background only; landscape; full hd; Adventure & Platformer; survival; exploration; narrative adventure; strategy; abandoned tower; rural industrial site; pink sky; wasteland; lonely; atmospheric; windswept; stylized three-dimensional; painterly; environment concept art; orange; periwinkle; rose; turquoise,silverlakeslayer_casual_video_game_screenshot_--no_ui_--ar_16_e621cd78-7158-4a41-bcf4-6d2621bcab01_3.png
Brickwater Bounce,brickwater-bounce.png,Portrait 1080x1920/Adventure & Platformer/brickwater-bounce.png,Portrait,1080x1920,Adventure & Platformer,vertical platformer; mobile arcade; puzzle; kids game,pixel water shaft; brick platforms; cute blocks; vertical level,playful; retro; bright,pixel art; two-dimensional; mobile game art,red,#C73920,red; teal; orange; olive; green,#C73920; #3FA6A4; #72270F; #6C8157; #6DB085,No baked-in UI detected,Cute pixel blocks bounce through a narrow vertical course of water and brick platforms. Optimized as a 1080 by 1920 portrait game background.,game background; environment art; ui-free; background only; portrait; full hd; Adventure & Platformer; vertical platformer; mobile arcade; puzzle; kids game; pixel water shaft; brick platforms; cute blocks; vertical level; playful; retro; bright; pixel art; two-dimensional; mobile game art; red; teal; orange; olive; green,silverlakeslayer_casual_video_game_screenshot_--no_ui_--ar_91_b0547fb5-d589-42e3-867d-833aead415f3_0.png
Taxi Tangle,taxi-tangle.png,Portrait 1080x1920/City & Traffic/taxi-tangle.png,Portrait,1080x1920,City & Traffic,traffic puzzle; city simulation; taxi game; management,isometric city; roads; cars; downtown,busy; playful; colorful,low-poly isometric; stylized three-dimensional; mobile game art,red,#7E3C41,red; turquoise; gray; orange; teal,#7E3C41; #2F3D43; #686160; #988782; #8BB7BE,No baked-in UI detected,A lively isometric city packs taxis and traffic into a colorful downtown grid. Optimized as a 1080 by 1920 portrait game background.,game background; environment art; ui-free; background only; portrait; full hd; City & Traffic; traffic puzzle; city simulation; taxi game; management; isometric city; roads; cars; downtown; busy; playful; colorful; low-poly isometric; stylized three-dimensional; mobile game art; red; turquoise; gray; orange; teal,silverlakeslayer_casual_video_game_screenshot_--no_ui_--ar_91_b0547fb5-d589-42e3-867d-833aead415f3_1.png
Candy City Rush,candy-city-rush.png,Portrait 1080x1920/City & Traffic/candy-city-rush.png,Portrait,1080x1920,City & Traffic,endless driver; traffic racer; city simulation; casual arcade,bright city canyon; cars; downtown street; vertical road,energetic; sunny; fast,low-poly isometric; stylized three-dimensional; mobile game art,rose,#EA5071,rose; orange; turquoise; red; silver,#EA5071; #604C44; #52A5C6; #AD7C74; #AFAEB7,No baked-in UI detected,Cars stream through a bright candy-colored city canyon in a vertical driving scene. Optimized as a 1080 by 1920 portrait game background.,game background; environment art; ui-free; background only; portrait; full hd; City & Traffic; endless driver; traffic racer; city simulation; casual arcade; bright city canyon; cars; downtown street; vertical road; energetic; sunny; fast; low-poly isometric; stylized three-dimensional; mobile game art; rose; orange; turquoise; red; silver,silverlakeslayer_casual_video_game_screenshot_--no_ui_--ar_91_b0547fb5-d589-42e3-867d-833aead415f3_2.png
Crosswalk Commotion,crosswalk-commotion.png,Portrait 1080x1920/City & Traffic/crosswalk-commotion.png,Portrait,1080x1920,City & Traffic,traffic management; puzzle; simulation; mobile game,isometric roads; vehicles; pedestrians; city blocks,busy; strategic; playful,low-poly isometric; stylized three-dimensional; mobile game art,orange,#836D5A,orange; gold,#836D5A; #DEBE98; #564A46; #B55A40; #8D7260,No baked-in UI detected,Vehicles and pedestrians crowd an isometric road network built for a traffic puzzle. Optimized as a 1080 by 1920 portrait game background.,game background; environment art; ui-free; background only; portrait; full hd; City & Traffic; traffic management; puzzle; simulation; mobile game; isometric roads; vehicles; pedestrians; city blocks; busy; strategic; playful; low-poly isometric; stylized three-dimensional; mobile game art; orange; gold,silverlakeslayer_casual_video_game_screenshot_--no_ui_--ar_91_b0547fb5-d589-42e3-867d-833aead415f3_3.png
Pizza Palace,pizza-palace.png,Landscape 1920x1080/Cooking & Food/pizza-palace.png,Landscape,1920x1080,Cooking & Food,cooking game; restaurant simulation; time management; tycoon,pizzeria kitchen; pizza; ingredients; restaurant interior,inviting; cheerful; abundant,stylized three-dimensional; cartoon; casual game art,red,#4B3130,red; orange; gold,#4B3130; #A83223; #BD7C50; #915A41; #DCAF70,No baked-in UI detected,"A colorful pizzeria kitchen overflows with pizza, fresh ingredients, and playful details. Optimized as a 1920 by 1080 landscape game background.",game background; environment art; ui-free; background only; landscape; full hd; Cooking & Food; cooking game; restaurant simulation; time management; tycoon; pizzeria kitchen; pizza; ingredients; restaurant interior; inviting; cheerful; abundant; stylized three-dimensional; cartoon; casual game art; red; orange; gold,silverlakeslayer_fun_cooking_theme_casual_video_game_screensh_aec3e284-a2fd-461b-b192-424e301d3835_0.png
Plushie Patisserie,plushie-patisserie.png,Landscape 1920x1080/Cooking & Food/plushie-patisserie.png,Landscape,1920x1080,Cooking & Food,cooking game; bakery simulation; time management; kids game,whimsical bakery; plush animals; pastries; restaurant interior,cute; cozy; playful,stylized three-dimensional; cartoon; casual game art,orange,#A6684D,orange; red; gold,#A6684D; #7A4631; #B64C39; #BF825F; #D0BA8C,No baked-in UI detected; letterbox bars removed,A whimsical bakery is staffed by plush animal mascots and surrounded by pastries. Optimized as a 1920 by 1080 landscape game background.,game background; environment art; ui-free; background only; landscape; full hd; Cooking & Food; cooking game; bakery simulation; time management; kids game; whimsical bakery; plush animals; pastries; restaurant interior; cute; cozy; playful; stylized three-dimensional; cartoon; casual game art; orange; red; gold,silverlakeslayer_fun_cooking_theme_casual_video_game_screensh_aec3e284-a2fd-461b-b192-424e301d3835_2.png
Monster Microwave,monster-microwave.png,Landscape 1920x1080/Cooking & Food/monster-microwave.png,Landscape,1920x1080,Cooking & Food,cooking game; arcade; restaurant simulation; boss battle,monster kitchen; ovens; neon appliances; fantasy restaurant,mischievous; intense; quirky,cartoon two-dimensional; graphic; monster game art,red,#B61A28,red; crimson; blue; turquoise,#B61A28; #590F20; #55536B; #517795; #843943,No baked-in UI detected,"A strange monster kitchen glows with oversized ovens, appliances, and fiery energy. Optimized as a 1920 by 1080 landscape game background.",game background; environment art; ui-free; background only; landscape; full hd; Cooking & Food; cooking game; arcade; restaurant simulation; boss battle; monster kitchen; ovens; neon appliances; fantasy restaurant; mischievous; intense; quirky; cartoon two-dimensional; graphic; monster game art; red; crimson; blue; turquoise,silverlakeslayer_fun_cooking_theme_casual_video_game_screensh_aec3e284-a2fd-461b-b192-424e301d3835_3.png
Sizzle Circle,sizzle-circle.png,Landscape 1920x1080/Cooking & Food/sizzle-circle.png,Landscape,1920x1080,Cooking & Food,cooking game; cooperative game; restaurant simulation; party game,commercial kitchen; chefs; pizza; restaurant,energetic; communal; warm,stylized illustration; cartoon; character scene,red,#BF341B,red; orange; gold,#BF341B; #56250E; #D45F3D; #E06F47; #E9A258,No baked-in UI detected,"A diverse team of chefs works together around a bustling, warmly lit kitchen. Optimized as a 1920 by 1080 landscape game background.",game background; environment art; ui-free; background only; landscape; full hd; Cooking & Food; cooking game; cooperative game; restaurant simulation; party game; commercial kitchen; chefs; pizza; restaurant; energetic; communal; warm; stylized illustration; cartoon; character scene; red; orange; gold,silverlakeslayer_fun_cooking_theme_casual_video_game_screensh_fbf22afd-51d2-48d1-b557-63e37db1f7c8_0.png
Sunshine Pizzeria,sunshine-pizzeria.png,Landscape 1920x1080/Cooking & Food/sunshine-pizzeria.png,Landscape,1920x1080,Cooking & Food,cooking game; restaurant simulation; time management; casual,modern pizzeria; pizza; vegetables; sunny kitchen,fresh; cheerful; polished,stylized three-dimensional; cartoon; casual game art,yellow,#37372A,yellow; red; orange; gold,#37372A; #A63F26; #AA7451; #CCA16A; #D8DAB4,No baked-in UI detected,A bright modern pizzeria kitchen is ready for a busy day of cooking. Optimized as a 1920 by 1080 landscape game background.,game background; environment art; ui-free; background only; landscape; full hd; Cooking & Food; cooking game; restaurant simulation; time management; casual; modern pizzeria; pizza; vegetables; sunny kitchen; fresh; cheerful; polished; stylized three-dimensional; cartoon; casual game art; yellow; red; orange; gold,silverlakeslayer_fun_cooking_theme_casual_video_game_screensh_fbf22afd-51d2-48d1-b557-63e37db1f7c8_1.png
Tiny Chefs Club,tiny-chefs-club.png,Landscape 1920x1080/Cooking & Food/tiny-chefs-club.png,Landscape,1920x1080,Cooking & Food,cooking game; kids game; educational game; time management,home kitchen; children cooking; ingredients; colorful interior,friendly; playful; educational,flat cartoon two-dimensional; children illustration; casual game art,red,#E45837,red; teal; green,#E45837; #58C6BF; #743B31; #A5DDCD; #899C83,No baked-in UI detected,"Two young chefs cook together in a bright, colorful home kitchen. Optimized as a 1920 by 1080 landscape game background.",game background; environment art; ui-free; background only; landscape; full hd; Cooking & Food; cooking game; kids game; educational game; time management; home kitchen; children cooking; ingredients; colorful interior; friendly; playful; educational; flat cartoon two-dimensional; children illustration; casual game art; red; teal; green,silverlakeslayer_fun_cooking_theme_casual_video_game_screensh_fbf22afd-51d2-48d1-b557-63e37db1f7c8_2.png
Harborhold Kingdom,harborhold-kingdom.png,Portrait 1080x1920/Fantasy & Medieval/harborhold-kingdom.png,Portrait,1080x1920,Fantasy & Medieval,kingdom builder; city builder; strategy; role-playing game,coastal medieval town; harbor; ship; red rooftops,bustling; adventurous; inviting,isometric two-dimensional; stylized map; fantasy game art,green,#34413A,green; red; teal,#34413A; #963936; #208284; #537161; #74AF6D,No baked-in UI detected,A dense coastal kingdom winds around a harbor filled with red roofs and ships. Optimized as a 1080 by 1920 portrait game background.,game background; environment art; ui-free; background only; portrait; full hd; Fantasy & Medieval; kingdom builder; city builder; strategy; role-playing game; coastal medieval town; harbor; ship; red rooftops; bustling; adventurous; inviting; isometric two-dimensional; stylized map; fantasy game art; green; red; teal,silverlakeslayer_fun_medievel_casual_video_game_screenshot_--_19d40b98-6823-48da-a7c7-2a8d765d91e1_0.png
Greenfield Procession,greenfield-procession.png,Portrait 1080x1920/Fantasy & Medieval/greenfield-procession.png,Portrait,1080x1920,Fantasy & Medieval,kingdom builder; tactics; city builder; role-playing game,medieval village; crowds; fields; roads,lively; pastoral; strategic,isometric stylized; map illustration; fantasy game art,yellow,#817B51,yellow; green; orange,#817B51; #9E9E61; #73D249; #624A36; #8FCF59,No baked-in UI detected,Villagers and travelers fill the roads of a green medieval settlement. Optimized as a 1080 by 1920 portrait game background.,game background; environment art; ui-free; background only; portrait; full hd; Fantasy & Medieval; kingdom builder; tactics; city builder; role-playing game; medieval village; crowds; fields; roads; lively; pastoral; strategic; isometric stylized; map illustration; fantasy game art; yellow; green; orange,silverlakeslayer_fun_medievel_casual_video_game_screenshot_--_19d40b98-6823-48da-a7c7-2a8d765d91e1_1.png
Castlewood Crown,castlewood-crown.png,Portrait 1080x1920/Fantasy & Medieval/castlewood-crown.png,Portrait,1080x1920,Fantasy & Medieval,kingdom builder; city builder; strategy; role-playing game,castle valley; red roofs; forest; mountains,grand; verdant; inviting,isometric painterly; stylized map; fantasy game art,teal,#154043,teal; lime; orange,#154043; #436E69; #88906A; #574843; #34A2B6,No baked-in UI detected,A sprawling castle town rises through a forested valley beneath distant towers. Optimized as a 1080 by 1920 portrait game background.,game background; environment art; ui-free; background only; portrait; full hd; Fantasy & Medieval; kingdom builder; city builder; strategy; role-playing game; castle valley; red roofs; forest; mountains; grand; verdant; inviting; isometric painterly; stylized map; fantasy game art; teal; lime; orange,silverlakeslayer_fun_medievel_casual_video_game_screenshot_--_19d40b98-6823-48da-a7c7-2a8d765d91e1_2.png
Siegewater Isle,siegewater-isle.png,Portrait 1080x1920/Fantasy & Medieval/siegewater-isle.png,Portrait,1080x1920,Fantasy & Medieval,strategy; tower defense; kingdom builder; tactics,fortified island; villagers; cliffs; water,busy; tactical; colorful,isometric stylized; strategy map; fantasy game art,brown,#47402F,brown; lime; orange; green,#47402F; #8D7D41; #97B93D; #8B4C30; #59B88C,HUD and UI cropped from frame,"A fortified island settlement spreads across cliffs, roads, and waterways. Optimized as a 1080 by 1920 portrait game background.",game background; environment art; ui-free; background only; portrait; full hd; Fantasy & Medieval; strategy; tower defense; kingdom builder; tactics; fortified island; villagers; cliffs; water; busy; tactical; colorful; isometric stylized; strategy map; fantasy game art; brown; lime; orange; green,silverlakeslayer_fun_medievel_casual_video_game_screenshot_--_19d40b98-6823-48da-a7c7-2a8d765d91e1_3.png
Teal Banner Keep,teal-banner-keep.png,Landscape 1920x1080/Fantasy & Medieval/teal-banner-keep.png,Landscape,1920x1080,Fantasy & Medieval,role-playing game; kingdom builder; strategy; adventure,castle village; banners; villagers; farmland,heroic; rustic; sunlit,graphic painterly; stylized two-dimensional; fantasy environment,green,#1A4534,green; olive; teal; brown,#1A4534; #39462C; #3C938F; #83755B; #51A490,No baked-in UI detected,Villagers approach a rugged castle keep beneath a bold teal and coral sky. Optimized as a 1920 by 1080 landscape game background.,game background; environment art; ui-free; background only; landscape; full hd; Fantasy & Medieval; role-playing game; kingdom builder; strategy; adventure; castle village; banners; villagers; farmland; heroic; rustic; sunlit; graphic painterly; stylized two-dimensional; fantasy environment; green; olive; teal; brown,silverlakeslayer_fun_medievel_casual_video_game_screenshot_--_c4a43a98-9c75-45ab-beb3-0184796d3a11_0.png
Crimson Citadel,crimson-citadel.png,Landscape 1920x1080/Fantasy & Medieval/crimson-citadel.png,Landscape,1920x1080,Fantasy & Medieval,role-playing game; strategy; dark fantasy; tower defense,castle silhouettes; red sunset; fortress skyline; wasteland,ominous; epic; dramatic,silhouette painterly; dark fantasy art; two-dimensional,red,#672D38,red,#672D38; #8E3C34; #382023; #BF4540; #E25544,No baked-in UI detected,A massive silhouetted citadel rises through crimson haze at sunset. Optimized as a 1920 by 1080 landscape game background.,game background; environment art; ui-free; background only; landscape; full hd; Fantasy & Medieval; role-playing game; strategy; dark fantasy; tower defense; castle silhouettes; red sunset; fortress skyline; wasteland; ominous; epic; dramatic; silhouette painterly; dark fantasy art; two-dimensional; red,silverlakeslayer_fun_medievel_casual_video_game_screenshot_--_c4a43a98-9c75-45ab-beb3-0184796d3a11_1.png
Twin Moon Pagoda,twin-moon-pagoda.png,Landscape 1920x1080/Fantasy & Medieval/twin-moon-pagoda.png,Landscape,1920x1080,Fantasy & Medieval,dark fantasy role-playing game; strategy; adventure; visual novel,gothic pagoda castle; twin moons; birds; coastal fortress,mysterious; majestic; otherworldly,painterly; stylized two-dimensional; dark fantasy art,teal,#121F1C,teal; turquoise; crimson; red; green,#121F1C; #4D555D; #914354; #962F3E; #71816A,No baked-in UI detected,A towering pagoda-like fortress stands between two glowing celestial bodies. Optimized as a 1920 by 1080 landscape game background.,game background; environment art; ui-free; background only; landscape; full hd; Fantasy & Medieval; dark fantasy role-playing game; strategy; adventure; visual novel; gothic pagoda castle; twin moons; birds; coastal fortress; mysterious; majestic; otherworldly; painterly; stylized two-dimensional; dark fantasy art; teal; turquoise; crimson; red; green,silverlakeslayer_fun_medievel_casual_video_game_screenshot_--_c4a43a98-9c75-45ab-beb3-0184796d3a11_2.png
Furnace Fortress,furnace-fortress.png,Landscape 1920x1080/Fantasy & Medieval/furnace-fortress.png,Landscape,1920x1080,Fantasy & Medieval,dark fantasy role-playing game; strategy; platformer; adventure,fortress silhouettes; fiery horizon; watchtowers; dark landscape,foreboding; epic; intense,painterly silhouette; stylized two-dimensional; dark fantasy art,teal,#435E66,teal; red; crimson,#435E66; #A9303C; #E92654; #3E2222; #B64B48,No baked-in UI detected; letterbox bars removed,A fortress burns against a deep red horizon while tiny figures cross the foreground. Optimized as a 1920 by 1080 landscape game background.,game background; environment art; ui-free; background only; landscape; full hd; Fantasy & Medieval; dark fantasy role-playing game; strategy; platformer; adventure; fortress silhouettes; fiery horizon; watchtowers; dark landscape; foreboding; epic; intense; painterly silhouette; stylized two-dimensional; dark fantasy art; teal; red; crimson,silverlakeslayer_fun_medievel_casual_video_game_screenshot_--_c4a43a98-9c75-45ab-beb3-0184796d3a11_3.png
Cloudvale Kingdom,cloudvale-kingdom.png,Landscape 1920x1080/Fantasy & Medieval/cloudvale-kingdom.png,Landscape,1920x1080,Fantasy & Medieval,role-playing game; city builder; strategy; adventure,aerial mountain village; lush hills; red roofs; castle,enchanted; grand; peaceful,painterly three-dimensional; fantasy environment; aerial vista,teal,#184646,teal; turquoise; silver,#184646; #4B5758; #8CA2B0; #537B87; #868587,No baked-in UI detected; letterbox bars removed,A lush mountain kingdom spreads across misty peaks beneath soft clouds. Optimized as a 1920 by 1080 landscape game background.,game background; environment art; ui-free; background only; landscape; full hd; Fantasy & Medieval; role-playing game; city builder; strategy; adventure; aerial mountain village; lush hills; red roofs; castle; enchanted; grand; peaceful; painterly three-dimensional; fantasy environment; aerial vista; teal; turquoise; silver,silverlakeslayer_fun_medievel_casual_video_game_screenshot_--_f28b532c-cd2b-40b8-8cd5-fd115e50753e_0.png
Sandstone Stronghold,sandstone-stronghold.png,Landscape 1920x1080/Fantasy & Medieval/sandstone-stronghold.png,Landscape,1920x1080,Fantasy & Medieval,strategy; role-playing game; city builder; survival,desert fortress; sunset; sandstone walls; market structures,imposing; austere; warm,stylized three-dimensional; painterly; fantasy environment,brown,#6A5430,brown; yellow; gold; orange,#6A5430; #3E3A22; #A88664; #E9BF67; #BE906A,No baked-in UI detected,A massive sandstone fortress towers over a sparse settlement at sunset. Optimized as a 1920 by 1080 landscape game background.,game background; environment art; ui-free; background only; landscape; full hd; Fantasy & Medieval; strategy; role-playing game; city builder; survival; desert fortress; sunset; sandstone walls; market structures; imposing; austere; warm; stylized three-dimensional; painterly; fantasy environment; brown; yellow; gold; orange,silverlakeslayer_fun_medievel_casual_video_game_screenshot_--_f28b532c-cd2b-40b8-8cd5-fd115e50753e_1.png
Pale Banner Bastion,pale-banner-bastion.png,Landscape 1920x1080/Fantasy & Medieval/pale-banner-bastion.png,Landscape,1920x1080,Fantasy & Medieval,strategy; role-playing game; platformer; adventure,pale fortress; bridge; cliffs; banners,stark; windswept; heroic,graphic two-dimensional; stylized fantasy art; minimal palette,green,#2A3829,green,#2A3829; #8BAE98; #A1BEA1; #C0DABA; #5D7263,No baked-in UI detected; letterbox bars removed,A pale fortress spans steep cliffs with bridges and red banners. Optimized as a 1920 by 1080 landscape game background.,game background; environment art; ui-free; background only; landscape; full hd; Fantasy & Medieval; strategy; role-playing game; platformer; adventure; pale fortress; bridge; cliffs; banners; stark; windswept; heroic; graphic two-dimensional; stylized fantasy art; minimal palette; green,silverlakeslayer_fun_medievel_casual_video_game_screenshot_--_f28b532c-cd2b-40b8-8cd5-fd115e50753e_2.png
Ember Cathedral,ember-cathedral.png,Landscape 1920x1080/Fantasy & Medieval/ember-cathedral.png,Landscape,1920x1080,Fantasy & Medieval,dark fantasy role-playing game; strategy; adventure; horror,gothic cathedral city; fire; hooded figures; night,ominous; dramatic; nocturnal,painterly; dark fantasy art; cinematic environment,red,#4D1E23,red,#4D1E23; #2E181A; #A23C48; #452527; #3F2D30,No baked-in UI detected; letterbox bars removed,Hooded figures face a fiery gothic city reflected in dark water. Optimized as a 1920 by 1080 landscape game background.,game background; environment art; ui-free; background only; landscape; full hd; Fantasy & Medieval; dark fantasy role-playing game; strategy; adventure; horror; gothic cathedral city; fire; hooded figures; night; ominous; dramatic; nocturnal; painterly; dark fantasy art; cinematic environment; red,silverlakeslayer_fun_medievel_casual_video_game_screenshot_--_f28b532c-cd2b-40b8-8cd5-fd115e50753e_3.png
Paws and Paperwork,paws-and-paperwork.png,Landscape 1920x1080/Simulation & Lifestyle/paws-and-paperwork.png,Landscape,1920x1080,Simulation & Lifestyle,pet care; management simulation; office simulation; casual,pet shop office; animals; desks; colorful interior,playful; bustling; cozy,low-poly three-dimensional; cartoon; simulation game art,orange,#723825,orange; red; yellow,#723825; #D83C2C; #AA6D59; #B3855F; #CEC494,No baked-in UI detected,Animals and workers fill a colorful pet-themed office and shop interior. Optimized as a 1920 by 1080 landscape game background.,game background; environment art; ui-free; background only; landscape; full hd; Simulation & Lifestyle; pet care; management simulation; office simulation; casual; pet shop office; animals; desks; colorful interior; playful; bustling; cozy; low-poly three-dimensional; cartoon; simulation game art; orange; red; yellow,silverlakeslayer_fun_simulation_and_mini-game_compilation_cas_cf125277-7dde-4205-aa29-8a0b67838710_0.png
Palmside Pitstop,palmside-pitstop.png,Landscape 1920x1080/Simulation & Lifestyle/palmside-pitstop.png,Landscape,1920x1080,Simulation & Lifestyle,driving; racing; open-world adventure; life simulation,retro roadside motel; convertible car; palm trees; sunny street,sunny; nostalgic; relaxed,low-poly three-dimensional; retro stylized; open-world game art,teal,#51B7C0,teal; orange; green; lime,#51B7C0; #E17E5F; #745640; #5C8472; #ACBB9E,No baked-in UI detected,A convertible waits outside a sunny retro roadside stop lined with palm trees. Optimized as a 1920 by 1080 landscape game background.,game background; environment art; ui-free; background only; landscape; full hd; Simulation & Lifestyle; driving; racing; open-world adventure; life simulation; retro roadside motel; convertible car; palm trees; sunny street; sunny; nostalgic; relaxed; low-poly three-dimensional; retro stylized; open-world game art; teal; orange; green; lime,silverlakeslayer_fun_simulation_and_mini-game_compilation_cas_cf125277-7dde-4205-aa29-8a0b67838710_1.png
Carnival Catwalk,carnival-catwalk.png,Landscape 1920x1080/Simulation & Lifestyle/carnival-catwalk.png,Landscape,1920x1080,Simulation & Lifestyle,party game; minigame collection; casual sports; kids game,carnival water park; cats; inflatables; rides,exuberant; silly; bright,stylized three-dimensional; cartoon; party game art,red,#D24E4C,red; turquoise; gold; teal,#D24E4C; #6989AF; #4B3733; #FECC66; #77B2BB,No baked-in UI detected,Cool cats pose amid a riot of colorful carnival rides and inflatables. Optimized as a 1920 by 1080 landscape game background.,game background; environment art; ui-free; background only; landscape; full hd; Simulation & Lifestyle; party game; minigame collection; casual sports; kids game; carnival water park; cats; inflatables; rides; exuberant; silly; bright; stylized three-dimensional; cartoon; party game art; red; turquoise; gold; teal,silverlakeslayer_fun_simulation_and_mini-game_compilation_cas_cf125277-7dde-4205-aa29-8a0b67838710_2.png
Poolside Royalty,poolside-royalty.png,Landscape 1920x1080/Simulation & Lifestyle/poolside-royalty.png,Landscape,1920x1080,Simulation & Lifestyle,party game; casual sports; racing; minigame collection,water park; inner tubes; animals; pink pool,playful; summery; vivid,stylized three-dimensional; cartoon; party game art,teal,#4ABEC5,teal; rose; turquoise; green; sky blue,#4ABEC5; #E86A7F; #56758A; #A3CFB0; #96A3B6,No baked-in UI detected,A stylish animal lounges in a bright inner tube at a crowded fantasy water park. Optimized as a 1920 by 1080 landscape game background.,game background; environment art; ui-free; background only; landscape; full hd; Simulation & Lifestyle; party game; casual sports; racing; minigame collection; water park; inner tubes; animals; pink pool; playful; summery; vivid; stylized three-dimensional; cartoon; party game art; teal; rose; turquoise; green; sky blue,silverlakeslayer_fun_simulation_and_mini-game_compilation_cas_cf125277-7dde-4205-aa29-8a0b67838710_3.png
Ooze Orbit Outpost,ooze-orbit-outpost.png,Landscape 1920x1080/Strategy & Battle/ooze-orbit-outpost.png,Landscape,1920x1080,Strategy & Battle,tower defense; real-time strategy; tactics; science fiction,alien island map; defense towers; orange slime; industrial base,strategic; quirky; high-energy,hand-drawn two-dimensional; cartoon strategy art; map view,teal,#629F9D,teal; orange; yellow,#629F9D; #744A3A; #7AC6BF; #757565; #7CBCB2,HUD and UI cropped from frame,"A strange alien outpost is ringed by towers, glowing slime, and advancing units. Optimized as a 1920 by 1080 landscape game background.",game background; environment art; ui-free; background only; landscape; full hd; Strategy & Battle; tower defense; real-time strategy; tactics; science fiction; alien island map; defense towers; orange slime; industrial base; strategic; quirky; high-energy; hand-drawn two-dimensional; cartoon strategy art; map view; teal; orange; yellow,silverlakeslayer_fun_tower_defense_casual_video_game_screensh_02f3a23c-555b-471c-907d-9809c70da0ca_0.png
Slimebeach Siege,slimebeach-siege.png,Landscape 1920x1080/Strategy & Battle/slimebeach-siege.png,Landscape,1920x1080,Strategy & Battle,tower defense; real-time strategy; tactics; casual strategy,beach battlefield; teal monster; red base; coastline,playful; chaotic; colorful,hand-drawn two-dimensional; cartoon strategy art; map view,green,#7AC3A4,green; red; gold; yellow,#7AC3A4; #A34C3D; #F5B43B; #F5B53B; #9D9257,HUD and UI cropped from frame,A cheerful teal monster and a red fortress anchor a bright beach battlefield. Optimized as a 1920 by 1080 landscape game background.,game background; environment art; ui-free; background only; landscape; full hd; Strategy & Battle; tower defense; real-time strategy; tactics; casual strategy; beach battlefield; teal monster; red base; coastline; playful; chaotic; colorful; hand-drawn two-dimensional; cartoon strategy art; map view; green; red; gold; yellow,silverlakeslayer_fun_tower_defense_casual_video_game_screensh_02f3a23c-555b-471c-907d-9809c70da0ca_1.png
Cannon Cove,cannon-cove.png,Landscape 1920x1080/Strategy & Battle/cannon-cove.png,Landscape,1920x1080,Strategy & Battle,tower defense; real-time strategy; tactics; casual strategy,tropical island; tank; fortress; coastline,tactical; bright; action-packed,hand-drawn two-dimensional; cartoon strategy art; map view,teal,#5EC0A9,teal; orange; gold,#5EC0A9; #65554F; #F0C288; #CFB163; #639A8D,HUD and UI cropped from frame,A red tank attacks a fortified tropical island surrounded by bright water. Optimized as a 1920 by 1080 landscape game background.,game background; environment art; ui-free; background only; landscape; full hd; Strategy & Battle; tower defense; real-time strategy; tactics; casual strategy; tropical island; tank; fortress; coastline; tactical; bright; action-packed; hand-drawn two-dimensional; cartoon strategy art; map view; teal; orange; gold,silverlakeslayer_fun_tower_defense_casual_video_game_screensh_02f3a23c-555b-471c-907d-9809c70da0ca_2.png
Autumnhorn Village,autumnhorn-village.png,Landscape 1920x1080/Strategy & Battle/autumnhorn-village.png,Landscape,1920x1080,Strategy & Battle,tower defense; strategy; role-playing game; tactics,autumn village map; horned hall; streams; forest,cozy; strategic; fantastical,painterly two-dimensional; fantasy strategy art; map view,gold,#E38F3C,gold; red; orange; green,#E38F3C; #634A49; #BF5E39; #F6B855; #93C487,HUD and UI cropped from frame,"An autumn village curls around a horned central hall, streams, and winding paths. Optimized as a 1920 by 1080 landscape game background.",game background; environment art; ui-free; background only; landscape; full hd; Strategy & Battle; tower defense; strategy; role-playing game; tactics; autumn village map; horned hall; streams; forest; cozy; strategic; fantastical; painterly two-dimensional; fantasy strategy art; map view; gold; red; orange; green,silverlakeslayer_fun_tower_defense_casual_video_game_screensh_02f3a23c-555b-471c-907d-9809c70da0ca_3.png
Neon Convoy,neon-convoy.png,Portrait 1080x1920/Strategy & Battle/neon-convoy.png,Portrait,1080x1920,Strategy & Battle,vehicle combat; shoot-em-up; endless shooter; arcade,neon city street; armored convoy; explosions; traffic,frantic; explosive; futuristic,top-down three-dimensional; arcade action art; neon,brown,#463E33,brown; red; silver,#463E33; #625456; #9F3B4B; #96656D; #9B8E8D,HUD and UI cropped from frame,An armored convoy tears through a neon city street amid heavy explosions. Optimized as a 1080 by 1920 portrait game background.,game background; environment art; ui-free; background only; portrait; full hd; Strategy & Battle; vehicle combat; shoot-em-up; endless shooter; arcade; neon city street; armored convoy; explosions; traffic; frantic; explosive; futuristic; top-down three-dimensional; arcade action art; neon; brown; red; silver,silverlakeslayer_fun_war_casual_video_game_screenshot_--no_ui_73e7bffd-0fd6-4db5-8cbf-870a30dfdb01_0.png
Redline Rebellion,redline-rebellion.png,Landscape 1920x1080/Strategy & Battle/redline-rebellion.png,Landscape,1920x1080,Strategy & Battle,strategy; action game; shooter; tower defense,red battlefield; robots; burning structures; war zone,intense; apocalyptic; bold,graphic three-dimensional; stylized combat art; science fiction,red,#BC2A1A,red; rose; orange; turquoise; gold,#BC2A1A; #C77162; #62200E; #6C899E; #A79B89,No baked-in UI detected,Robotic forces clash across a red-hot battlefield beneath a burning giant. Optimized as a 1920 by 1080 landscape game background.,game background; environment art; ui-free; background only; landscape; full hd; Strategy & Battle; strategy; action game; shooter; tower defense; red battlefield; robots; burning structures; war zone; intense; apocalyptic; bold; graphic three-dimensional; stylized combat art; science fiction; red; rose; orange; turquoise; gold,silverlakeslayer_fun_war_casual_video_game_screenshot_--no_ui_cfe2d9a0-f45b-4586-b77c-01792e8fa720_0.png
Monsterfire Melee,monsterfire-melee.png,Landscape 1920x1080/Strategy & Battle/monsterfire-melee.png,Landscape,1920x1080,Strategy & Battle,tower defense; tactics; action role-playing game; strategy,fantasy battlefield; giant monsters; magic beams; village,chaotic; colorful; epic,hand-drawn two-dimensional; cartoon fantasy art; battle scene,magenta,#3E343A,magenta; red; orange; yellow,#3E343A; #A0554F; #946844; #973949; #9D9F7D,HUD and UI cropped from frame,Giant monsters and tiny fighters trade magical fire across a crowded fantasy battlefield. Optimized as a 1920 by 1080 landscape game background.,game background; environment art; ui-free; background only; landscape; full hd; Strategy & Battle; tower defense; tactics; action role-playing game; strategy; fantasy battlefield; giant monsters; magic beams; village; chaotic; colorful; epic; hand-drawn two-dimensional; cartoon fantasy art; battle scene; magenta; red; orange; yellow,silverlakeslayer_fun_war_casual_video_game_screenshot_--no_ui_cfe2d9a0-f45b-4586-b77c-01792e8fa720_3.png
Pink Sky Juggernaut,pink-sky-juggernaut.png,Landscape 1920x1080/Strategy & Battle/pink-sky-juggernaut.png,Landscape,1920x1080,Strategy & Battle,tank combat; strategy; action game; side-scrolling shooter,giant tank fortress; pink clouds; industrial outpost; desert,absurd; imposing; cinematic,painterly two-dimensional; stylized military art; side view,rose,#EA7177,rose; crimson; red; magenta,#EA7177; #894F5C; #453634; #997D94; #F591AC,No baked-in UI detected,A colossal improvised tank fortress dominates an outpost beneath pink clouds. Optimized as a 1920 by 1080 landscape game background.,game background; environment art; ui-free; background only; landscape; full hd; Strategy & Battle; tank combat; strategy; action game; side-scrolling shooter; giant tank fortress; pink clouds; industrial outpost; desert; absurd; imposing; cinematic; painterly two-dimensional; stylized military art; side view; rose; crimson; red; magenta,silverlakeslayer_fun_war_casual_video_game_screenshot_--no_ui_df127d2d-2299-4586-9d7b-b3b445a33e5b_0.png
Dustbowl Detonation,dustbowl-detonation.png,Landscape 1920x1080/Strategy & Battle/dustbowl-detonation.png,Landscape,1920x1080,Strategy & Battle,tactics; strategy; vehicle combat; tower defense,desert battlefield; tanks; explosions; ruined village,intense; dusty; chaotic,isometric three-dimensional; stylized combat art; strategy map,red,#A94A34,red; orange,#A94A34; #643B2F; #D05C3A; #EF6633; #F36E35,No baked-in UI detected; letterbox bars removed,Tanks and vehicles battle through a dusty desert village filled with explosions. Optimized as a 1920 by 1080 landscape game background.,game background; environment art; ui-free; background only; landscape; full hd; Strategy & Battle; tactics; strategy; vehicle combat; tower defense; desert battlefield; tanks; explosions; ruined village; intense; dusty; chaotic; isometric three-dimensional; stylized combat art; strategy map; red; orange,silverlakeslayer_fun_war_casual_video_game_screenshot_--no_ui_df127d2d-2299-4586-9d7b-b3b445a33e5b_1.png
Tropic Tankstorm,tropic-tankstorm.png,Landscape 1920x1080/Strategy & Battle/tropic-tankstorm.png,Landscape,1920x1080,Strategy & Battle,tactics; strategy; vehicle combat; tower defense,tropical town battlefield; tanks; fire; coastline,action-packed; gritty; sunny,isometric three-dimensional; stylized combat art; strategy map,gold,#EDAB6E,gold; red; charcoal; orange,#EDAB6E; #57403B; #32302E; #926B4E; #8C3B2A,HUD and UI cropped from frame,Armored vehicles fight through a tropical coastal town as fires spread around them. Optimized as a 1920 by 1080 landscape game background.,game background; environment art; ui-free; background only; landscape; full hd; Strategy & Battle; tactics; strategy; vehicle combat; tower defense; tropical town battlefield; tanks; fire; coastline; action-packed; gritty; sunny; isometric three-dimensional; stylized combat art; strategy map; gold; red; charcoal; orange,silverlakeslayer_fun_war_casual_video_game_screenshot_--no_ui_df127d2d-2299-4586-9d7b-b3b445a33e5b_2.png
Bubblegum Boulevard,bubblegum-boulevard.png,Landscape 1920x1080/Kids & Casual/bubblegum-boulevard.png,Landscape,1920x1080,Kids & Casual,platformer; casual arcade; kids game; adventure,pastel city park; clouds; platforms; side-scrolling level,cheerful; sweet; breezy,cartoon two-dimensional; colorful platformer art; side-scroller,turquoise,#4AB2DB,turquoise; red; teal,#4AB2DB; #DC5C3C; #8D545A; #729AA8; #7AC3B1,HUD and UI cropped from frame,A bright pastel platforming stage stretches across a candy-colored city park. Optimized as a 1920 by 1080 landscape game background.,game background; environment art; ui-free; background only; landscape; full hd; Kids & Casual; platformer; casual arcade; kids game; adventure; pastel city park; clouds; platforms; side-scrolling level; cheerful; sweet; breezy; cartoon two-dimensional; colorful platformer art; side-scroller; turquoise; red; teal,silverlakeslayer_kids_casual_video_game_screenshot_--no_ui_--_5adfa07f-a104-4bed-9b9c-18a60b9fa4e7_0.png
Whimsywood Wanderer,whimsywood-wanderer.png,Landscape 1920x1080/Kids & Casual/whimsywood-wanderer.png,Landscape,1920x1080,Kids & Casual,platformer; kids game; adventure; puzzle,painterly forest; blue creature; whimsical trees; woodland,gentle; magical; curious,storybook two-dimensional; painterly; children game art,green,#385A3B,green; magenta; teal; silver,#385A3B; #B74D75; #85B4B4; #599492; #91998C,No baked-in UI detected,A small blue creature explores a softly painted forest of strange friendly trees. Optimized as a 1920 by 1080 landscape game background.,game background; environment art; ui-free; background only; landscape; full hd; Kids & Casual; platformer; kids game; adventure; puzzle; painterly forest; blue creature; whimsical trees; woodland; gentle; magical; curious; storybook two-dimensional; painterly; children game art; green; magenta; teal; silver,silverlakeslayer_kids_casual_video_game_screenshot_--no_ui_--_5adfa07f-a104-4bed-9b9c-18a60b9fa4e7_1.png
Jellybean Junction,jellybean-junction.png,Landscape 1920x1080/Kids & Casual/jellybean-junction.png,Landscape,1920x1080,Kids & Casual,platformer; kids game; casual adventure; puzzle,colorful houses; floating platforms; city skyline; rooftops,cheerful; bouncy; bright,cartoon two-dimensional; colorful platformer art; side-scroller,teal,#54AAC6,teal; red; green,#54AAC6; #884E49; #6E8464; #9BDCEC; #7BB7BD,No baked-in UI detected,Bright houses and floating platforms create a cheerful city platforming course. Optimized as a 1920 by 1080 landscape game background.,game background; environment art; ui-free; background only; landscape; full hd; Kids & Casual; platformer; kids game; casual adventure; puzzle; colorful houses; floating platforms; city skyline; rooftops; cheerful; bouncy; bright; cartoon two-dimensional; colorful platformer art; side-scroller; teal; red; green,silverlakeslayer_kids_casual_video_game_screenshot_--no_ui_--_5adfa07f-a104-4bed-9b9c-18a60b9fa4e7_2.png
Cloudblob Cliffs,cloudblob-cliffs.png,Landscape 1920x1080/Kids & Casual/cloudblob-cliffs.png,Landscape,1920x1080,Kids & Casual,platformer; kids game; casual adventure; puzzle,mountain cliffs; blob creatures; floating islands; clouds,adventurous; airy; playful,cartoon two-dimensional; colorful platformer art; side-scroller,teal,#56BDD4,teal; green,#56BDD4; #3A642D; #80CBD3; #599C78; #BDE7EC,No baked-in UI detected,Friendly blob creatures populate a breezy mountain platforming world. Optimized as a 1920 by 1080 landscape game background.,game background; environment art; ui-free; background only; landscape; full hd; Kids & Casual; platformer; kids game; casual adventure; puzzle; mountain cliffs; blob creatures; floating islands; clouds; adventurous; airy; playful; cartoon two-dimensional; colorful platformer art; side-scroller; teal; green,silverlakeslayer_kids_casual_video_game_screenshot_--no_ui_--_5adfa07f-a104-4bed-9b9c-18a60b9fa4e7_3.png
Bath Time Brightside,bath-time-brightside.png,Landscape 1920x1080/Simulation & Lifestyle/bath-time-brightside.png,Landscape,1920x1080,Simulation & Lifestyle,life simulation; dress-up game; home decoration; kids game,colorful bathroom; laundry room; child; toys,cheerful; cozy; polished,stylized three-dimensional; cartoon character; casual game art,teal,#4CB3BB,teal; gold; red; green,#4CB3BB; #948272; #6D3C3B; #93E0CC; #C0B388,No baked-in UI detected,A cheerful child stands in a colorful bathroom and laundry room filled with toys. Optimized as a 1920 by 1080 landscape game background.,game background; environment art; ui-free; background only; landscape; full hd; Simulation & Lifestyle; life simulation; dress-up game; home decoration; kids game; colorful bathroom; laundry room; child; toys; cheerful; cozy; polished; stylized three-dimensional; cartoon character; casual game art; teal; gold; red; green,silverlakeslayer_kids_casual_video_game_screenshot_--no_ui_--_901d09ee-6a70-4fb9-9f73-ae0263a204f2_0.png
Pumpkin Cat Forest,pumpkin-cat-forest.png,Landscape 1920x1080/Kids & Casual/pumpkin-cat-forest.png,Landscape,1920x1080,Kids & Casual,platformer; kids game; adventure; puzzle,orange monster forest; cats; platforms; spooky trees,spooky-cute; playful; energetic,cartoon two-dimensional; colorful platformer art; side-scroller,violet,#642D5E,violet; peach; crimson; orange; gold,#642D5E; #F89C50; #BC345C; #9B7463; #C7984F,HUD and UI cropped from frame,Cute cats and odd monsters crowd an orange-and-purple forest platforming stage. Optimized as a 1920 by 1080 landscape game background.,game background; environment art; ui-free; background only; landscape; full hd; Kids & Casual; platformer; kids game; adventure; puzzle; orange monster forest; cats; platforms; spooky trees; spooky-cute; playful; energetic; cartoon two-dimensional; colorful platformer art; side-scroller; violet; peach; crimson; orange; gold,silverlakeslayer_kids_casual_video_game_screenshot_--no_ui_--_901d09ee-6a70-4fb9-9f73-ae0263a204f2_1.png
Sunnycat Sprint,sunnycat-sprint.png,Landscape 1920x1080/Kids & Casual/sunnycat-sprint.png,Landscape,1920x1080,Kids & Casual,platformer; kids game; endless runner; casual arcade,sunny forest; red cat; floating blocks; grassland,bright; friendly; upbeat,cartoon two-dimensional; colorful platformer art; side-scroller,olive,#617D20,olive; teal; orange; lime,#617D20; #6FC2D0; #773B0B; #90CAC8; #B4C88A,HUD and UI cropped from frame,A red cat bounds through a sunny forest course of floating grassy blocks. Optimized as a 1920 by 1080 landscape game background.,game background; environment art; ui-free; background only; landscape; full hd; Kids & Casual; platformer; kids game; endless runner; casual arcade; sunny forest; red cat; floating blocks; grassland; bright; friendly; upbeat; cartoon two-dimensional; colorful platformer art; side-scroller; olive; teal; orange; lime,silverlakeslayer_kids_casual_video_game_screenshot_--no_ui_--_901d09ee-6a70-4fb9-9f73-ae0263a204f2_2.png
Mushroom Moonhop,mushroom-moonhop.png,Landscape 1920x1080/Kids & Casual/mushroom-moonhop.png,Landscape,1920x1080,Kids & Casual,platformer; kids game; adventure; puzzle,colorful mushroom forest; flying cats; platforms; flowering trees,whimsical; dreamy; vibrant,cartoon two-dimensional; colorful platformer art; side-scroller,olive,#324120,olive; teal; red; orange; green,#324120; #278093; #AF3448; #A48470; #46826F,No baked-in UI detected,Flying cats and giant mushrooms fill a vivid enchanted forest platforming level. Optimized as a 1920 by 1080 landscape game background.,game background; environment art; ui-free; background only; landscape; full hd; Kids & Casual; platformer; kids game; adventure; puzzle; colorful mushroom forest; flying cats; platforms; flowering trees; whimsical; dreamy; vibrant; cartoon two-dimensional; colorful platformer art; side-scroller; olive; teal; red; orange; green,silverlakeslayer_kids_casual_video_game_screenshot_--no_ui_--_901d09ee-6a70-4fb9-9f73-ae0263a204f2_3.png
Sharkberry Reef,sharkberry-reef.png,Portrait 1080x1920/Kids & Casual/sharkberry-reef.png,Portrait,1080x1920,Kids & Casual,underwater adventure; match-three; kids game; casual arcade,coral reef; shark; tropical fish; bubbles,playful; aquatic; bright,stylized three-dimensional; cartoon; mobile game art,teal,#14B3D4,teal; magenta; turquoise,#14B3D4; #AA4899; #1DB7DB; #50889B; #75CCBB,HUD and UI cropped from frame,A smiling shark swims through a bright coral reef crowded with tropical fish. Optimized as a 1080 by 1920 portrait game background.,game background; environment art; ui-free; background only; portrait; full hd; Kids & Casual; underwater adventure; match-three; kids game; casual arcade; coral reef; shark; tropical fish; bubbles; playful; aquatic; bright; stylized three-dimensional; cartoon; mobile game art; teal; magenta; turquoise,silverlakeslayer_kids_casual_video_game_screenshot_--no_ui_--_d16fee37-309f-47e1-9793-c75095fc4759_1.png
Pocket Lab Pals,pocket-lab-pals.png,Portrait 1080x1920/Characters & Lifestyle/pocket-lab-pals.png,Portrait,1080x1920,Characters & Lifestyle,pet care; doctor simulation; time management; kids game,colorful clinic; laboratory; child; dog,friendly; busy; educational,stylized three-dimensional; cartoon character; casual game art,teal,#65BABD,teal; orange; gold,#65BABD; #684F43; #5F8682; #C8B499; #AAD8D0,HUD and UI cropped from frame,"A young helper and dog stand inside a colorful, gadget-filled clinic and lab. Optimized as a 1080 by 1920 portrait game background.",game background; environment art; ui-free; background only; portrait; full hd; Characters & Lifestyle; pet care; doctor simulation; time management; kids game; colorful clinic; laboratory; child; dog; friendly; busy; educational; stylized three-dimensional; cartoon character; casual game art; teal; orange; gold,silverlakeslayer_kids_casual_video_game_screenshot_--no_ui_--_d16fee37-309f-47e1-9793-c75095fc4759_2.png
Candy River Quest,candy-river-quest.png,Portrait 1080x1920/Kids & Casual/candy-river-quest.png,Portrait,1080x1920,Kids & Casual,match-three; board game; puzzle; casual,winding candy map; castles; mushrooms; fantasy river,sweet; whimsical; inviting,stylized three-dimensional; cartoon map; mobile game art,gold,#9A8562,gold; teal; lime; green; crimson,#9A8562; #147D80; #A4B573; #5EA178; #7D5A62,HUD and UI cropped from frame,"A winding candy-colored river map leads past castles, mushrooms, and playful landmarks. Optimized as a 1080 by 1920 portrait game background.",game background; environment art; ui-free; background only; portrait; full hd; Kids & Casual; match-three; board game; puzzle; casual; winding candy map; castles; mushrooms; fantasy river; sweet; whimsical; inviting; stylized three-dimensional; cartoon map; mobile game art; gold; teal; lime; green; crimson,silverlakeslayer_kids_casual_video_game_screenshot_--no_ui_--_d16fee37-309f-47e1-9793-c75095fc4759_3.png
Cactus Chomp Canyon,cactus-chomp-canyon.png,Landscape 1920x1080/Adventure & Platformer/cactus-chomp-canyon.png,Landscape,1920x1080,Adventure & Platformer,platformer; adventure; kids game; casual,desert canyon; cactus; flying green creature; platforms,playful; bold; sunny,cartoon two-dimensional; colorful platformer art; side-scroller,red,#E05047,red; orange; teal; green,#E05047; #743D1F; #38C8DF; #61E0DE; #7F9A6E,HUD and UI cropped from frame,A grumpy green flyer crosses a bright desert canyon filled with cacti and ledges. Optimized as a 1920 by 1080 landscape game background.,game background; environment art; ui-free; background only; landscape; full hd; Adventure & Platformer; platformer; adventure; kids game; casual; desert canyon; cactus; flying green creature; platforms; playful; bold; sunny; cartoon two-dimensional; colorful platformer art; side-scroller; red; orange; teal; green,silverlakeslayer_mobile_casual_game_screenshot_--no_ui_--ar_1_4f3e53f9-1520-4978-b7b8-2c3180bb2725_1.png
Foxglove Meadow,foxglove-meadow.png,Landscape 1920x1080/Adventure & Platformer/foxglove-meadow.png,Landscape,1920x1080,Adventure & Platformer,platformer; cozy adventure; kids game; exploration,autumn meadow; foxes; giant mushroom; woodland,peaceful; whimsical; warm,painterly two-dimensional; storybook art; side-scroller,teal,#8AC5CC,teal; yellow; brown; gold,#8AC5CC; #454018; #9D8547; #C8B995; #95C7CB,No baked-in UI detected,Foxes roam a warm autumn meadow beneath an oversized mushroom and pastel sky. Optimized as a 1920 by 1080 landscape game background.,game background; environment art; ui-free; background only; landscape; full hd; Adventure & Platformer; platformer; cozy adventure; kids game; exploration; autumn meadow; foxes; giant mushroom; woodland; peaceful; whimsical; warm; painterly two-dimensional; storybook art; side-scroller; teal; yellow; brown; gold,silverlakeslayer_mobile_casual_game_screenshot_--no_ui_--ar_1_4f3e53f9-1520-4978-b7b8-2c3180bb2725_2.png
Cubeface Carnival,cubeface-carnival.png,Landscape 1920x1080/Adventure & Platformer/cubeface-carnival.png,Landscape,1920x1080,Adventure & Platformer,platformer; puzzle platformer; kids game; casual,colorful block world; cube creature; panda; floating platforms,quirky; cheerful; bright,cartoon two-dimensional; colorful platformer art; side-scroller,teal,#37BCBE,teal; red; gold; green,#37BCBE; #C6364A; #A48D59; #4BC6B0; #7AD07E,No baked-in UI detected,A friendly cube creature floats through a bright block world above a tiny panda. Optimized as a 1920 by 1080 landscape game background.,game background; environment art; ui-free; background only; landscape; full hd; Adventure & Platformer; platformer; puzzle platformer; kids game; casual; colorful block world; cube creature; panda; floating platforms; quirky; cheerful; bright; cartoon two-dimensional; colorful platformer art; side-scroller; teal; red; gold; green,silverlakeslayer_platform_game_--no_ui_--ar_169_--raw_--profi_5b2db63f-0791-402d-be3a-488864bf6674_0.png
Block Balloon Bay,block-balloon-bay.png,Landscape 1920x1080/Adventure & Platformer/block-balloon-bay.png,Landscape,1920x1080,Adventure & Platformer,platformer; puzzle; casual adventure; kids game,floating block city; balloons; clouds; platforms,buoyant; colorful; energetic,cartoon two-dimensional; colorful platformer art; side-scroller,turquoise,#5EB2DA,turquoise; red; teal; silver,#5EB2DA; #6B3025; #A2E4DB; #88CDC7; #727B7D,No baked-in UI detected,"Floating cubes, balloons, and stacked city blocks form a playful airborne platform course. Optimized as a 1920 by 1080 landscape game background.",game background; environment art; ui-free; background only; landscape; full hd; Adventure & Platformer; platformer; puzzle; casual adventure; kids game; floating block city; balloons; clouds; platforms; buoyant; colorful; energetic; cartoon two-dimensional; colorful platformer art; side-scroller; turquoise; red; teal; silver,silverlakeslayer_platform_game_--no_ui_--ar_169_--raw_--profi_5b2db63f-0791-402d-be3a-488864bf6674_1.png
Rosy Ridge Run,rosy-ridge-run.png,Landscape 1920x1080/Adventure & Platformer/rosy-ridge-run.png,Landscape,1920x1080,Adventure & Platformer,platformer; precision platformer; minimalist adventure; indie game,pink cliffs; small red character; clouds; distant city,dreamy; calm; focused,pixel art; minimalist two-dimensional; side-scroller,teal,#66BED3,teal; orange; magenta,#66BED3; #573117; #5FBAD0; #75C7D4; #968191,No baked-in UI detected,A tiny red traveler crosses spare pink cliffs under a quiet cloud-filled sky. Optimized as a 1920 by 1080 landscape game background.,game background; environment art; ui-free; background only; landscape; full hd; Adventure & Platformer; platformer; precision platformer; minimalist adventure; indie game; pink cliffs; small red character; clouds; distant city; dreamy; calm; focused; pixel art; minimalist two-dimensional; side-scroller; teal; orange; magenta,silverlakeslayer_platform_game_--no_ui_--ar_169_--raw_--profi_5b2db63f-0791-402d-be3a-488864bf6674_2.png
Candybrick Canyon,candybrick-canyon.png,Landscape 1920x1080/Adventure & Platformer/candybrick-canyon.png,Landscape,1920x1080,Adventure & Platformer,platformer; puzzle; casual adventure; kids game,pastel block ruins; floating cubes; desert; clouds,playful; airy; vibrant,painterly two-dimensional; colorful platformer art; side-scroller,turquoise,#51A8D9,turquoise; rose; blue; teal,#51A8D9; #D7575C; #3D3F58; #69D3DF; #5895D8,No baked-in UI detected,Pastel block ruins and floating cubes fill a bright candy-colored canyon. Optimized as a 1920 by 1080 landscape game background.,game background; environment art; ui-free; background only; landscape; full hd; Adventure & Platformer; platformer; puzzle; casual adventure; kids game; pastel block ruins; floating cubes; desert; clouds; playful; airy; vibrant; painterly two-dimensional; colorful platformer art; side-scroller; turquoise; rose; blue; teal,silverlakeslayer_platform_game_--no_ui_--ar_169_--raw_--profi_5b2db63f-0791-402d-be3a-488864bf6674_3.png
Bunny Moon Bounce,bunny-moon-bounce.png,Landscape 1920x1080/Adventure & Platformer/bunny-moon-bounce.png,Landscape,1920x1080,Adventure & Platformer,platformer; puzzle; kids game; casual,pink cloudscape; black bunny; giant moon; floating cubes,dreamy; cute; surreal,flat two-dimensional; minimalist cartoon; side-scroller,turquoise,#3791DB,turquoise; pink; rose,#3791DB; #D484BA; #E95A8A; #3690DB; #124562,No baked-in UI detected,A black bunny bounces between red cubes above a sea of pink clouds. Optimized as a 1920 by 1080 landscape game background.,game background; environment art; ui-free; background only; landscape; full hd; Adventure & Platformer; platformer; puzzle; kids game; casual; pink cloudscape; black bunny; giant moon; floating cubes; dreamy; cute; surreal; flat two-dimensional; minimalist cartoon; side-scroller; turquoise; pink; rose,silverlakeslayer_platform_game_--no_ui_--ar_169_--raw_--profi_fb22f6fd-3c4c-4b2f-bbd7-37e578e73ae4_0.png
Blushstone Crossing,blushstone-crossing.png,Landscape 1920x1080/Adventure & Platformer/blushstone-crossing.png,Landscape,1920x1080,Adventure & Platformer,platformer; precision platformer; adventure; puzzle,pink canyon ruins; tiny character; stone platforms; pastel sky,serene; mysterious; warm,painterly two-dimensional; stylized platformer art; side-scroller,turquoise,#5CA6C5,turquoise; crimson; violet; rose,#5CA6C5; #C54562; #3B303A; #EB7083; #EB8694,No baked-in UI detected,A tiny traveler crosses layered blush-colored canyon ruins under soft clouds. Optimized as a 1920 by 1080 landscape game background.,game background; environment art; ui-free; background only; landscape; full hd; Adventure & Platformer; platformer; precision platformer; adventure; puzzle; pink canyon ruins; tiny character; stone platforms; pastel sky; serene; mysterious; warm; painterly two-dimensional; stylized platformer art; side-scroller; turquoise; crimson; violet; rose,silverlakeslayer_platform_game_--no_ui_--ar_169_--raw_--profi_fb22f6fd-3c4c-4b2f-bbd7-37e578e73ae4_1.png
Bloodmoon Hollow,bloodmoon-hollow.png,Landscape 1920x1080/Adventure & Platformer/bloodmoon-hollow.png,Landscape,1920x1080,Adventure & Platformer,metroidvania; platformer; dark fantasy; adventure,gothic ruins; red moon; bridges; fire,ominous; epic; atmospheric,pixel-inspired two-dimensional; painterly; dark fantasy art,teal,#102930,teal; red; magenta,#102930; #9A4B51; #6D909B; #75264A; #947178,No baked-in UI detected,A dark gothic platforming world glows beneath a red moon and distant fires. Optimized as a 1920 by 1080 landscape game background.,game background; environment art; ui-free; background only; landscape; full hd; Adventure & Platformer; metroidvania; platformer; dark fantasy; adventure; gothic ruins; red moon; bridges; fire; ominous; epic; atmospheric; pixel-inspired two-dimensional; painterly; dark fantasy art; teal; red; magenta,silverlakeslayer_platform_game_--no_ui_--ar_169_--raw_--profi_fb22f6fd-3c4c-4b2f-bbd7-37e578e73ae4_3.png
Skybrick Ascent,skybrick-ascent.png,Portrait 1080x1920/Adventure & Platformer/skybrick-ascent.png,Portrait,1080x1920,Adventure & Platformer,vertical platformer; endless jumper; mobile arcade; puzzle,red brick tower; clouds; tiny character; vertical level,focused; airy; playful,pixel art; two-dimensional; mobile game art,teal,#51B2C3,teal; red,#51B2C3; #794741; #51B1C2; #5FBECF; #50B2C3,No baked-in UI detected,A tiny character climbs a narrow red-brick tower floating among blue clouds. Optimized as a 1080 by 1920 portrait game background.,game background; environment art; ui-free; background only; portrait; full hd; Adventure & Platformer; vertical platformer; endless jumper; mobile arcade; puzzle; red brick tower; clouds; tiny character; vertical level; focused; airy; playful; pixel art; two-dimensional; mobile game art; teal; red,silverlakeslayer_platform_game_--no_ui_--ar_916_--raw_--profi_40c266c5-a8c4-479c-ab90-0968b4ad9b22_1.png
Treetop Tinytown,treetop-tinytown.png,Portrait 1080x1920/Adventure & Platformer/treetop-tinytown.png,Portrait,1080x1920,Adventure & Platformer,vertical platformer; exploration; puzzle; adventure,jungle towers; treetop village; clouds; forest canopy,lush; mysterious; adventurous,painterly two-dimensional; stylized platformer art; vertical level,teal,#57A99A,teal; green; orange,#57A99A; #0F482E; #594C48; #B5EBA6; #94D3A3,No baked-in UI detected,A tiny treetop settlement climbs through a lush jungle of towers and clouds. Optimized as a 1080 by 1920 portrait game background.,game background; environment art; ui-free; background only; portrait; full hd; Adventure & Platformer; vertical platformer; exploration; puzzle; adventure; jungle towers; treetop village; clouds; forest canopy; lush; mysterious; adventurous; painterly two-dimensional; stylized platformer art; vertical level; teal; green; orange,silverlakeslayer_platform_game_--no_ui_--ar_916_--raw_--profi_40c266c5-a8c4-479c-ab90-0968b4ad9b22_2.png
Cloudberry Coast,cloudberry-coast.png,Portrait 1080x1920/Adventure & Platformer/cloudberry-coast.png,Portrait,1080x1920,Adventure & Platformer,vertical platformer; kids game; casual adventure; puzzle,tropical floating islands; ocean; clouds; green platforms,sunny; gentle; inviting,cartoon two-dimensional; colorful platformer art; vertical level,turquoise,#4AB2E7,turquoise; brown; teal,#4AB2E7; #6E5931; #B4DEE8; #559FAB; #77C4CC,No baked-in UI detected,Sunny tropical platforms float above a calm ocean beneath soft white clouds. Optimized as a 1080 by 1920 portrait game background.,game background; environment art; ui-free; background only; portrait; full hd; Adventure & Platformer; vertical platformer; kids game; casual adventure; puzzle; tropical floating islands; ocean; clouds; green platforms; sunny; gentle; inviting; cartoon two-dimensional; colorful platformer art; vertical level; turquoise; brown; teal,silverlakeslayer_platform_game_--no_ui_--ar_916_--raw_--profi_40c266c5-a8c4-479c-ab90-0968b4ad9b22_3.png
